CardedItems/Appliances/end,14
CardedItems/Clothing/end,28
CardedItems/Digital/end,240
CardedItems/Electronics/end,54
CardedItems/Other/end,176
CounterfeitItems/Clothing/end,660
CounterfeitItems/Electronics/end,223
CounterfeitItems/FakeIDs/end,374
CounterfeitItems/Jewelry/Jewel,436
CounterfeitItems/Jewelry/end,175
CounterfeitItems/Money/end,388
CounterfeitItems/Other/end,429
DigitalProducts/E-Books/E-Book,114
DigitalProducts/E-Books/end,563
DigitalProducts/FraudSoftware/end,156
DigitalProducts/FraudSoftware/end,301
DigitalProducts/GameKeys/Game,177
DigitalProducts/GameKeys/end,53
DigitalProducts/LegitSoftware/end,70
DigitalProducts/LegitSoftware/end,736
DigitalProducts/Other/end,764
Drugs&Chemicals/Benzos/end,77
Drugs&Chemicals/Benzos/Pills,652
Drugs&Chemicals/Benzos/Powder,65
Drugs&Chemicals/Benzos/RC,196
Drugs&Chemicals/Cannabis&Hashish/Buds&Flowers,907
Drugs&Chemicals/Cannabis&Hashish/Concentrates,626
Drugs&Chemicals/Cannabis&Hashish/Edibles,587
Drugs&Chemicals/Cannabis&Hashish/Hash,645
Drugs&Chemicals/Cannabis&Hashish/end,436
Drugs&Chemicals/Cannabis&Hashish/Prerolls,144
Drugs&Chemicals/Cannabis&Hashish/Seeds,382
Drugs&Chemicals/Cannabis&Hashish/Shake,215
Drugs&Chemicals/Cannabis&Hashish/Synthetic,263
Drugs&Chemicals/Cannabis&Hashish/Topicals&ends,59
Drugs&Chemicals/Dissociatives/GHB,207
Drugs&Chemicals/Dissociatives/Ketamine,741
Drugs&Chemicals/Dissociatives/MXE,62
Drugs&Chemicals/Dissociatives/end,136
Drugs&Chemicals/Ecstasy/MDA,100
Drugs&Chemicals/Ecstasy/MDMA,335
Drugs&Chemicals/Ecstasy/Methy,139
Drugs&Chemicals/Ecstasy/Methylone&BK,77
Drugs&Chemicals/Ecstasy/end,325
Drugs&Chemicals/Ecstasy/Pills,282
Drugs&Chemicals/Opioids/Fentanyl&RCs,348
Drugs&Chemicals/Opioids/Heroin,701
Drugs&Chemicals/Opioids/end,63
Drugs&Chemicals/Opioids/Pills,639
Drugs&Chemicals/Other/end,479
Drugs&Chemicals/Paraphernalia/end,203
Drugs&Chemicals/Prescription/end,405
Drugs&Chemicals/Prescription/end,203
Drugs&Chemicals/Psychedelics/2C-B,313
Drugs&Chemicals/Psychedelics/DMA/DOX,71
Drugs&Chemicals/Psychedelics/DMT,366
Drugs&Chemicals/Psychedelics/LSA,8
Drugs&Chemicals/Psychedelics/LSD,776
Drugs&Chemicals/Psychedelics/Mescaline,45
Drugs&Chemicals/Psychedelics/NBOME,45
Drugs&Chemicals/Psychedelics/end,265
Drugs&Chemicals/Psychedelics/endRCs,120
Drugs&Chemicals/Psychedelics/Shrooms,629
Drugs&Chemicals/Steroids/end,677
Drugs&Chemicals/Stimulants/2-,24
Drugs&Chemicals/Stimulants/2-FA,18
Drugs&Chemicals/Stimulants/Adderal&Vyvanse,33
Drugs&Chemicals/Stimulants/Cocaine,426
Drugs&Chemicals/Stimulants/Crack,424
Drugs&Chemicals/Stimulants/Meth,393
Drugs&Chemicals/Stimulants/Ot,363
Drugs&Chemicals/Stimulants/end,341
Drugs&Chemicals/Stimulants/endRCs,116
Drugs&Chemicals/Stimulants/PressedPills,107
Drugs&Chemicals/Stimulants/Speed,65
Drugs&Chemicals/Tobacco/end,216
Drugs&Chemicals/WeightLoss/end,233
Fraud/Accounts&BankDrops/Ama,1
Fraud/Accounts&BankDrops/Amazon,172
Fraud/Accounts&BankDrops/AOL,44
Fraud/Accounts&BankDrops/BankDrops,335
Fraud/Accounts&BankDrops/Deezer,60
Fraud/Accounts&BankDrops/Ebay,140
Fraud/Accounts&BankDrops/Google,78
Fraud/Accounts&BankDrops/Hotmail&Outlook,51
Fraud/Accounts&BankDrops/Netflix,85
Fraud/Accounts&BankDrops/Origin,44
Fraud/Accounts&BankDrops/end,170
Fraud/Accounts&BankDrops/Porn,508
Fraud/Accounts&BankDrops/Spotify,71
Fraud/Accounts&BankDrops/Steam,50
Fraud/Accounts&BankDrops/TV&CableProviders,141
Fraud/Accounts&BankDrops/Ube,31
Fraud/Accounts&BankDrops/Uber,45
Fraud/Accounts&BankDrops/Upl,15
Fraud/Accounts&BankDrops/Uplay,26
Fraud/Accounts&BankDrops/Yahoo,49
Fraud/CVV&Cards/end,247
Fraud/Dumps/end,495
Fraud/Other/end,533
Fraud/PersonalInformation&Scans/end,382
Guides&Tutorials/Drugs/end,692
Guides&Tutorials/Fraud/end,732
Guides&Tutorials/Hacking/end,846
Guides&Tutorials/Other/end,708
Guides&Tutorials/Security&Anonymity/end,152
Guides&Tutorials/SocialEngineering/end,422
Jewels&Gold/Gold/end,202
Jewels&Gold/Other/end,312
Jewels&Gold/Silver/end,19
OtherListings/Other/end,140
Security&Hosting/Hosting/Host,43
Security&Hosting/Hosting/end,50
Security&Hosting/Socks/end,42
Security&Hosting/VPN/end,136
Services/Carding/end,344
Services/Other/end,710
Services/SocialEngineering/Soc,54
Services/SocialEngineering/end,280
Software&Malware/Botnets&Malware/end,380
Software&Malware/ExploitKits/end,73
Software&Malware/Exploits/end,140
Software&Malware/Other/end,360
Software&Malware/SecuritySoftware/end,277
Weapons/Ammunition/end,118
Weapons/Explosives/end,30
Weapons/HandWeapons/end,75
Weapons/Long-RangeGuns/end,48
Weapons/Other/end,36
Weapons/Pistols/end,316
